{
    "future_model.private_head": -0.037273209542036057,
    "future_model.shared_head": 0.0021819316316396,
    "past_model": -0.022397522116079926,
    "past_model.pre_shared_representation": -0.0009358340357721318,
    "past_model.private_head": -0.024851571768522263,
    "past_model.private_representation": -0.005020521581172943,
    "past_model.shared_head": 0.002454049652442336,
    "past_model.shared_representation": -0.0010310586621926632
}