{
    "future_model.private_head": -0.02587278187274933,
    "future_model.shared_head": -0.004734920337796211,
    "past_model": -0.03785834275186062,
    "past_model.pre_shared_representation": -0.0006263299273996381,
    "past_model.private_head": -0.03167356923222542,
    "past_model.private_representation": -0.001853324669355061,
    "past_model.shared_head": -0.0061847735196352005,
    "past_model.shared_representation": -0.0044114424381405115
}