{
    "future_model.private_head": 0.026709752157330513,
    "future_model.shared_head": -0.0035353372804820538,
    "past_model": -0.026969666592776775,
    "past_model.pre_shared_representation": -0.0009995371983677614,
    "past_model.private_head": -0.021279077976942062,
    "past_model.private_representation": -0.004953792595188133,
    "past_model.shared_head": -0.005690588615834713,
    "past_model.shared_representation": -0.001828833410399966
}