{
    "future_model.private_head": -0.034914519637823105,
    "future_model.shared_head": -0.006892059929668903,
    "past_model": -0.06854061875492334,
    "past_model.pre_shared_representation": -0.0009061255586857442,
    "past_model.private_head": -0.06642279773950577,
    "past_model.private_representation": -0.004930883253109641,
    "past_model.shared_head": -0.002117821015417576,
    "past_model.shared_representation": -0.01006176954251714
}