{
    "future_model.private_head": -0.018169745802879333,
    "future_model.shared_head": 0.015104674734175205,
    "past_model": 0.027496514841914177,
    "past_model.pre_shared_representation": -0.0015053538882057182,
    "past_model.private_head": 0.016623079776763916,
    "past_model.private_representation": 0.0009563832645653747,
    "past_model.shared_head": 0.010873435065150261,
    "past_model.shared_representation": 0.0046073848934611306
}