{
    "future_model.private_head": -0.017252806574106216,
    "future_model.shared_head": -0.003986666910350323,
    "past_model": -0.038282138761132956,
    "past_model.pre_shared_representation": -0.0007120060399756767,
    "past_model.private_head": -0.04085226356983185,
    "past_model.private_representation": -0.0073799976671580225,
    "past_model.shared_head": 0.0025701248086988926,
    "past_model.shared_representation": -0.005055586560047232
}